xdata,ydata,zdata,color
-0.0032443236,-0.0034872763,-0.0037237424,0.0368067
-0.0026567527,-0.0032289367,-0.0024227096,0.0409767
-0.002508817,-0.0022177376,-0.0023897278,0.04861333
-0.0023468445,-0.0021297416,-0.002134489,0.06389
-0.0023282224,-0.0020971313,-0.0021000618,0.0715233
-0.002319377,-0.0020878883,-0.0020969728,0.09236
-0.0021060502,-0.0020754526,-0.0020843294,0.1006967
-0.0020988405,-0.0020520961,-0.0019707304,0.12014
-0.0020772594,-0.0019549608,-0.0018870105,0.12431
-0.0018560039,-0.0018435111,-0.0018708725,0.13194667
-0.0018270954,-0.0018418,-0.0017965256,0.14305333
-0.0018224523,-0.0018248436,-0.001787486,0.1472233
-0.0018005332,-0.0017959068,-0.0017704345,0.1548567
-0.001738346,-0.0017603494,-0.0017259973,0.1659767
-0.0017136994,-0.0016850737,-0.0017222189,0.1756933
-0.0017122545,-0.0016726811,-0.001691505,0.18403
-0.0017027649,-0.0016060865,-0.0016287104,0.2034733
-0.0016746154,-0.0015361324,-0.0015855603,0.2076433
-0.001635833,-0.0014823952,-0.001571002,0.21528
-0.0016314979,-0.0014370551,-0.0015501819,0.22638667
-0.0015728423,-0.0014265653,-0.0015274036,0.2305567
-0.0015602021,-0.0014104868,-0.0014051281,0.23819
-0.0015501291,-0.0013776637,-0.0013922631,0.24931
-0.0015327641,-0.0013710069,-0.0013642123,0.2590267
-0.0015154743,-0.001364738,-0.0013607523,0.2673633
-0.0015119962,-0.001363366,-0.0013404332,0.2868067
-0.0015019311,-0.0013471196,-0.0013328694,0.2909767
-0.0014653123,-0.0013226909,-0.0013309904,0.29861333
-0.0014585644,-0.0012977252,-0.0013305987,0.30972
-0.0014548357,-0.0012831715,-0.0013133503,0.31389
-0.0014219623,-0.0012767405,-0.0013122246,0.3215233
-0.0013948413,-0.0012424245,-0.0013116268,0.3326433
-0.0013657744,-0.0012405077,-0.001286892,0.33333
-0.0013652988,-0.0012129104,-0.0012766641,0.34236
-0.0013514145,-0.0012031567,-0.0012757951,0.3506967
-0.0013448259,-0.0011924794,-0.0012751529,0.37014
-0.0013425572,-0.0011913253,-0.0012551841,0.37431
-0.0013374772,-0.0011797429,-0.001250713,0.38194667
-0.001326925,-0.0011781877,-0.0012465671,0.39305333
-0.0013100097,-0.0011753497,-0.0012353802,0.3972233
-0.0012790702,-0.0011739831,-0.0012309266,0.4048567
-0.0012657311,-0.0011592812,-0.0012241588,0.4159767
-0.0012590556,-0.0011573119,-0.0012219755,0.4166633
-0.001258938,-0.001146299,-0.0012170831,0.4256933
-0.001252205,-0.0011428299,-0.0011936518,0.43403
-0.0012488349,-0.0011257265,-0.0011765546,0.4534733
-0.0012438577,-0.0011182573,-0.0011763068,0.4576433
-0.0012310064,-0.0011145598,-0.0011740593,0.46528
-0.0012193736,-0.0011143836,-0.0011705477,0.47638667
-0.0012175434,-0.0011096494,-0.0011565508,0.4805567
-0.0012122176,-0.0011093932,-0.0011152645,0.48819
-0.0012108935,-0.0010996068,-0.0011036143,0.49931
-0.0011975816,-0.0010963807,-0.0011017764,0.4999967
-0.0011802164,-0.001095562,-0.0010961818,0.5090267
-0.0011796009,-0.0010927612,-0.0010919348,0.5173633
-0.0011406682,-0.0010903473,-0.0010817522,0.5368067
-0.0011383112,-0.0010895373,-0.0010802392,0.5409767
-0.0011112323,-0.0010818981,-0.0010751344,0.54861333
-0.0011029438,-0.0010800417,-0.0010694397,0.55972
-0.0010942538,-0.0010629822,-0.0010505179,0.56389
-0.0010884538,-0.0010613045,-0.0010345935,0.5715233
-0.0010859951,-0.0010495398,-0.0010315992,0.5826433
-0.0010844648,-0.0010398505,-0.0010314652,0.59236
-0.0010721789,-0.0010317572,-0.0010244091,0.6006967
-0.0010701522,-0.0010290839,-0.0010197949,0.62014
-0.0010655226,-0.0010244913,-0.0010124477,0.62431
-0.0010501829,-0.001019747,-0.0010101684,0.63194667
-0.0010475758,-0.0010185685,-0.0010047278,0.64305333
-0.0010374849,-0.0010107292,-0.0010043996,0.6472233
-0.0010334011,-0.0009971225,-0.0010033016,0.6548567
-0.0010280869,-0.0009964485,-0.0010020518,0.6659767
-0.0010277855,-0.0009930518,-0.0009865535,0.6756933
-0.0010174185,-0.0009806762,-0.0009809061,0.68403
-0.0010121824,-0.0009797755,-0.0009757392,0.7034733
-0.0010110573,-0.0009790602,-0.0009706742,0.7076433
-0.0010074511,-0.0009776954,-0.000953958,0.71528
-0.0010070069,-0.0009706866,-0.0009538734,0.72638667
-0.0009657848,-0.0009704763,-0.0009510118,0.7305567
-0.0009630037,-0.0009618005,-0.0009462479,0.73819
-0.0009540136,-0.0009580718,-0.0009439251,0.74931
-0.0009538754,-0.000955866,-0.0009255948,0.7590267
-0.0009466493,-0.000952926,-0.0009184751,0.7673633
-0.0009462782,-0.0009462925,-0.0009139418,0.7868067
-0.000941295,-0.0009294817,-0.0009073955,0.7909767
-0.0009359356,-0.0009241384,-0.0008991924,0.79861333
-0.0009290364,-0.0009167281,-0.0008955516,0.80972
-0.0009238282,-0.000911667,-0.0008938028,0.81389
-0.0009194713,-0.0009112393,-0.0008889863,0.8215233
-0.0009121665,-0.00090441,-0.0008697636,0.8326433
-0.0008946727,-0.0008987925,-0.0008642638,0.84236
-0.0008898422,-0.0008979439,-0.0008579949,0.8506967
-0.0008868978,-0.0008858114,-0.0008573535,0.87014
-0.000882453,-0.0008847613,-0.0008548181,0.87431
-0.0008712159,-0.0008844304,-0.0008520311,0.88194667
-0.0008636634,-0.0008837369,-0.0008460692,0.89305333
-0.0008562074,-0.0008783485,-0.0008352506,0.8972233
-0.000849602,-0.0008772029,-0.0008347654,0.9048567
-0.0008458405,-0.0008681005,-0.0008275028,0.9159767
-0.0008365667,-0.0008555444,-0.0008221312,0.9256933
-0.0008160395,-0.0008543016,-0.000821592,0.93403
-0.000812419,-0.0008530113,-0.0008165969,0.9534733
-0.0007991199,-0.0008477179,-0.0007853473,0.9576433
-0.0007973981,-0.000826862,-0.0007761648,0.96528
-0.0007902098,-0.0008204868,-0.0007714839,0.97638667
-0.0007790476,-0.0008178868,-0.0007556263,0.9805567
-0.0007767997,-0.0008148363,-0.0007522381,0.98819
-0.0007766961,-0.0008106386,-0.0007517269,0.99931
-0.0007551446,-0.0008094003,-0.0007496801,1.0090267
-0.0007451721,-0.0008074835,-0.0007493732,1.0173633
-0.0007411795,-0.0008056653,-0.0007478103,1.0368067
-0.0007407485,-0.0007994655,-0.0007411251,1.0409767
-0.000740138,-0.0007948503,-0.0007403649,1.04861333
-0.0007329593,-0.0007830731,-0.0007400619,1.05972
-0.0007311639,-0.0007828212,-0.000737721,1.06389
-0.0007303825,-0.0007825363,-0.0007252019,1.0715233
-0.0007262618,-0.0007785761,-0.0007251814,1.0826433
-0.0007227717,-0.0007775306,-0.0007235398,1.09236
-0.0007152959,-0.0007672483,-0.000723244,1.1006967
-0.0007134242,-0.0007645401,-0.0007218346,1.1062467
-0.0007125037,-0.0007635389,-0.0007183995,1.12014
-0.0007086466,-0.0007629462,-0.0007176306,1.12431
-0.0007064451,-0.0007562192,-0.0007150043,1.13194667
-0.0007056039,-0.0007538168,-0.000695874,1.14305333
-0.0007047111,-0.000751594,-0.0006948616,1.1472233
-0.0007008369,-0.0007503419,-0.0006931004,1.1548567
-0.0006981628,-0.0007489554,-0.0006869719,1.1659767
-0.0006941527,-0.0007473052,-0.0006861596,1.1756933
-0.000689563,-0.0007460378,-0.0006852667,1.18403
-0.0006825212,-0.0007457731,-0.0006818401,1.18958
-0.0006790637,-0.0007456272,-0.0006808298,1.2034733
-0.0006775356,-0.0007442433,-0.0006790774,1.2076433
-0.0006698144,-0.0007411984,-0.0006727367,1.21528
-0.000669728,-0.0007408818,-0.0006659718,1.22638667
-0.0006623792,-0.0007378879,-0.0006658925,1.2305567
-0.0006608006,-0.0007340415,-0.0006595772,1.23819
-0.0006607868,-0.0007325738,-0.0006458367,1.24931
-0.0006588888,-0.0007320418,-0.0006451115,1.2590267
-0.0006535658,-0.0007246933,-0.0006450427,1.2673633
-0.0006533129,-0.0007229106,-0.0006412336,1.2729133
-0.000644272,-0.000721439,-0.0006394317,1.2868067
-0.0006405439,-0.000720491,-0.0006382538,1.2909767
-0.0006401866,-0.0007174331,-0.0006382174,1.29861333
-0.0006375305,-0.0007151285,-0.0006342248,1.30972
-0.0006291854,-0.000710502,-0.0006339196,1.31389
-0.0006287389,-0.0006986638,-0.0006321414,1.3215233
-0.000625329,-0.000698486,-0.0006311035,1.3326433
-0.0006190497,-0.0006954032,-0.0006276956,1.34236
-0.0006134604,-0.0006935227,-0.0006232154,1.3506967
-0.000611852,-0.0006908936,-0.0006133805,1.3562467
-0.0006115379,-0.0006836264,-0.0006107544,1.37014
-0.0006111509,-0.0006762555,-0.0006048683,1.37431
-0.0006108779,-0.0006601969,-0.0006019529,1.38194667
-0.0006106207,-0.0006590785,-0.0005993693,1.39305333
-0.0006088418,-0.0006585577,-0.0005930769,1.4048567
-0.0006068869,-0.0006544277,-0.0005914885,1.4159767
-0.0006066682,-0.0006499274,-0.0005882517,1.4256933
-0.0006023921,-0.0006489563,-0.0005862892,1.43403
-0.0006008186,-0.0006400617,-0.0005860406,1.43958
-0.0005974835,-0.0006294025,-0.0005859098,1.4534733
-0.0005968869,-0.0006248086,-0.0005826328,1.4576433
-0.0005959128,-0.0006185898,-0.000577665,1.46528
-0.0005952799,-0.0006160307,-0.0005773213,1.47638667
-0.0005926853,-0.0006000914,-0.0005758671,1.48819
-0.0005913659,-0.0005991332,-0.0005750196,1.49931
-0.0005898045,-0.0005953929,-0.0005743176,1.5090267
-0.0005885349,-0.0005953499,-0.0005742515,1.5173633
-0.0005876498,-0.0005949002,-0.0005730796,1.5229133
-0.0005846632,-0.0005935144,-0.0005722987,1.5368067
-0.0005791602,-0.0005887877,-0.0005704098,1.5409767
-0.0005699855,-0.0005745934,-0.0005691835,1.54861333
-0.0005678873,-0.0005691754,-0.0005661824,1.55972
-0.0005635107,-0.0005658047,-0.0005635847,1.5715233
-0.0005630863,-0.0005547408,-0.0005605958,1.5826433
-0.0005500758,-0.0005529172,-0.0005571575,1.59236
-0.0005495249,-0.0005522251,-0.0005547352,1.6006967
-0.0005482373,-0.0005463473,-0.0005543261,1.6062467
-0.0005442085,-0.0005380401,-0.0005493666,1.62014
-0.0005417266,-0.0005340849,-0.000548048,1.62431
-0.0005403505,-0.0005319797,-0.0005447257,1.63194667
-0.0005394796,-0.0005308595,-0.0005377589,1.64305333
-0.0005333556,-0.0005302476,-0.0005332756,1.6548567
-0.0005333338,-0.0005294033,-0.0005315571,1.6659767
-0.0005292295,-0.000525226,-0.000526759,1.6756933
-0.0005275137,-0.0005238438,-0.0005217061,1.68403
-0.0005257776,-0.0005219638,-0.0005181866,1.68958
-0.0005250613,-0.0005188871,-0.0005133275,1.7034733
-0.0005248056,-0.0005159729,-0.0005130266,1.7076433
-0.000521952,-0.0005150976,-0.0005121756,1.71528
-0.0005219147,-0.0005132127,-0.0005030579,1.72638667
-0.0005186712,-0.0005114073,-0.0005010924,1.73819
-0.0005172478,-0.0005086568,-0.0005008998,1.74931
-0.0005143692,-0.0005044239,-0.0005003404,1.7590267
-0.0005104018,-0.0005030107,-0.0004999212,1.7673633
-0.000507305,-0.0005018473,-0.0004960294,1.7868067
-0.0005061167,-0.0004967403,-0.0004898459,1.7909767
-0.0005022783,-0.000496374,-0.0004873339,1.79861333
-0.0005000245,-0.0004942147,-0.0004864331,1.80972
-0.0004993839,-0.0004929571,-0.0004855792,1.8215233
-0.0004925997,-0.000484262,-0.0004843165,1.8326433
-0.0004876613,-0.0004838573,-0.0004832386,1.84236
-0.000485479,-0.000482799,-0.0004828094,1.8506967
-0.00047927,-0.0004728431,-0.0004801309,1.8666633
-0.0004748493,-0.000470019,-0.000477552,1.87014
-0.0004743959,-0.0004690703,-0.0004773422,1.87431
-0.0004671231,-0.0004670463,-0.000473255,1.88194667
-0.0004647261,-0.0004642228,-0.0004695093,1.89305333
-0.0004620287,-0.000462427,-0.0004692868,1.9048567
-0.000459434,-0.0004616421,-0.0004631052,1.9159767
-0.0004558918,-0.000457128,-0.0004558663,1.9256933
-0.0004513236,-0.000453587,-0.0004547884,1.93403
-0.0004458255,-0.000447118,-0.0004539837,1.9499967
-0.0004440911,-0.0004463104,-0.0004511249,1.9534733
-0.0004404936,-0.0004454729,-0.000449692,1.9576433
-0.0004389019,-0.0004417353,-0.0004484511,1.96528
-0.0004352999,-0.0004352153,-0.0004483866,1.97638667
-0.0004352031,-0.0004333516,-0.0004482808,1.98819
-0.0004336275,-0.0004317489,-0.0004464428,1.99931
-0.0004329991,-0.0004290781,-0.0004393257,2.0090267
-0.0004318391,-0.0004284242,-0.0004361938,2.0173633
-0.000427616,-0.0004230068,-0.0004341143,2.03333
-0.0004270148,-0.0004222966,-0.0004337676,2.0368067
-0.0004259374,-0.0004204663,-0.0004286114,2.0409767
-0.0004254265,-0.0004192784,-0.0004271128,2.04861333
-0.0004254197,-0.0004181725,-0.0004233419,2.05972
-0.0004243302,-0.0004180078,-0.0004229097,2.0715233
-0.0004230766,-0.000416717,-0.0004221708,2.0826433
-0.0004215955,-0.0004155844,-0.0004216288,2.1006967
-0.0004203749,-0.0004148585,-0.0004175402,2.1166633
-0.0004201014,-0.0004120177,-0.0004170011,2.12014
-0.0004162208,-0.0004097604,-0.0004152557,2.12431
-0.0004156588,-0.0004088726,-0.000413342,2.13194667
-0.0004155957,-0.0004046083,-0.0004115194,2.14305333
-0.0004121286,-0.0004033817,-0.0004102719,2.1548567
-0.0004120005,-0.0003985727,-0.000409956,2.1659767
-0.0004109829,-0.0003967128,-0.0004083268,2.18403
-0.0004105708,-0.000392367,-0.00040401,2.1999967
-0.0004097984,-0.0003918264,-0.0004037546,2.2034733
-0.0004085986,-0.0003907417,-0.0004032171,2.2076433
-0.0004057609,-0.0003826014,-0.0004029958,2.21528
-0.0004033807,-0.0003753074,-0.0004005372,2.22638667
-0.0003997643,-0.0003737237,-0.0003973788,2.23819
-0.0003978449,-0.0003728639,-0.0003965711,2.24931
-0.000397685,-0.0003722785,-0.0003948867,2.2673633
-0.0003954046,-0.0003680177,-0.0003808457,2.28333
-0.0003934906,-0.0003675684,-0.0003807967,2.2868067
-0.0003921582,-0.0003626858,-0.0003804773,2.2909767
-0.0003889955,-0.0003619105,-0.0003786272,2.29861333
-0.0003886282,-0.0003600144,-0.0003748372,2.30972
-0.0003862103,-0.0003586694,-0.0003649207,2.3215233
-0.0003859929,-0.0003528829,-0.0003643111,2.3326433
-0.0003844496,-0.0003525412,-0.0003637414,2.3506967
-0.0003813901,-0.0003524022,-0.0003599617,2.3666633
-0.0003790321,-0.000352329,-0.0003588397,2.37014
-0.0003784832,-0.0003488044,-0.0003560494,2.37431
-0.0003755495,-0.0003459462,-0.0003542518,2.38194667
-0.0003708269,-0.0003458298,-0.000350435,2.39305333
-0.0003701438,-0.0003451652,-0.0003485177,2.4048567
-0.000367572,-0.0003432431,-0.0003484476,2.4159767
-0.0003646367,-0.0003418334,-0.0003482309,2.43403
-0.0003643177,-0.0003406705,-0.0003478482,2.4499967
-0.00036262,-0.0003400107,-0.0003471605,2.4534733
-0.0003613813,-0.000338434,-0.0003469964,2.4576433
-0.0003594131,-0.0003376555,-0.000343494,2.46528
-0.0003544411,-0.0003358167,-0.0003414162,2.47638667
-0.0003535373,-0.000335332,-0.0003407667,2.48819
-0.0003510786,-0.0003347463,-0.0003406394,2.49931
-0.0003468712,-0.0003344031,-0.0003396963,2.5173633
-0.0003467171,-0.0003311612,-0.0003382865,2.53333
-0.0003459644,-0.0003297266,-0.000338024,2.5368067
-0.0003454483,-0.0003289007,-0.0003289204,2.5409767
-0.0003416337,-0.000324938,-0.000328749,2.54861333
-0.0003404068,-0.0003243179,-0.0003259097,2.55972
-0.0003387324,-0.0003213851,-0.0003249223,2.5715233
-0.0003376421,-0.0003211054,-0.0003227556,2.5826433
-0.00033038,-0.0003205209,-0.000319441,2.6006967
-0.0003282685,-0.0003150116,-0.0003182675,2.6166633
-0.0003273765,-0.000313837,-0.0003156111,2.62014
-0.0003267082,-0.0003120255,-0.000314268,2.62431
-0.0003263477,-0.0003115375,-0.0003086785,2.63194667
-0.0003242878,-0.0003073885,-0.0003053741,2.64305333
-0.0003170281,-0.0003038668,-0.0003030099,2.6548567
-0.0003138175,-0.0003014337,-0.0003012047,2.6659767
-0.0003127834,-0.0003004711,-0.0002973713,2.68403
-0.00031155,-0.0002989533,-0.000295949,2.6999967
-0.0003114837,-0.0002984518,-0.0002953707,2.70139
-0.000310982,-0.0002964693,-0.0002936305,2.7034733
-0.0003088484,-0.0002883671,-0.0002936242,2.7076433
-0.0003071437,-0.0002847485,-0.0002904104,2.71528
-0.0003051479,-0.0002830601,-0.0002886583,2.72638667
-0.0003048039,-0.0002812275,-0.0002881172,2.73819
-0.0003024437,-0.0002798621,-0.000286705,2.74931
-0.0003002682,-0.000276342,-0.0002862815,2.7673633
-0.0002977176,-0.0002760039,-0.0002848528,2.78333
-0.0002955912,-0.000275814,-0.0002831839,2.7847233
-0.000295005,-0.0002736681,-0.0002806731,2.7868067
-0.0002941788,-0.0002733787,-0.000274248,2.7909767
-0.0002922158,-0.0002709475,-0.0002689335,2.79861333
-0.000291255,-0.0002695517,-0.0002686856,2.80972
-0.0002894192,-0.0002695082,-0.0002682132,2.8215233
-0.0002892326,-0.0002690086,-0.0002678082,2.8326433
-0.0002874404,-0.0002685676,-0.0002633617,2.8506967
-0.0002859121,-0.0002678655,-0.0002618874,2.8666633
-0.0002857294,-0.0002676455,-0.0002603272,2.8680567
-0.0002856541,-0.0002652457,-0.0002558511,2.87014
-0.0002800685,-0.0002643608,-0.0002557466,2.87431
-0.0002787257,-0.0002624152,-0.0002540881,2.88194667
-0.0002763141,-0.0002615388,-0.0002540577,2.89305333
-0.0002740519,-0.0002609589,-0.0002522582,2.9048567
-0.0002738896,-0.0002540177,-0.0002507219,2.9159767
-0.0002732634,-0.0002528529,-0.0002499341,2.93403
-0.0002723513,-0.0002514594,-0.0002498467,2.9499967
-0.0002670254,-0.0002509914,-0.0002492869,2.95139
-0.0002661385,-0.0002467998,-0.000249162,2.9534733
-0.0002659268,-0.0002435157,-0.0002480655,2.9576433
-0.0002658035,-0.0002411306,-0.0002477779,2.96528
-0.0002640982,-0.0002398891,-0.0002471363,2.97638667
-0.0002618264,-0.0002383778,-0.0002467137,2.98819
-0.0002616445,-0.0002382378,-0.0002462366,2.99931
-0.0002611118,-0.0002377349,-0.0002432581,3.0173633
-0.0002605201,-0.0002375538,-0.0002425753,3.03333
-0.0002564488,-0.000234782,-0.0002425472,3.0347233
-0.0002553591,-0.0002320821,-0.0002419614,3.0409767
-0.0002549496,-0.0002319244,-0.0002416002,3.04861333
-0.0002524352,-0.0002310868,-0.000240728,3.05972
-0.000252155,-0.0002296209,-0.0002358117,3.0715233
-0.0002513,-0.0002267395,-0.0002351631,3.0826433
-0.0002508777,-0.0002193128,-0.0002344396,3.1006967
-0.0002487914,-0.0002174225,-0.0002329005,3.1166633
-0.0002469807,-0.0002149833,-0.000230953,3.1180567
-0.000241225,-0.0002148113,-0.0002294394,3.12431
-0.0002410311,-0.0002142777,-0.0002292019,3.13194667
-0.0002390423,-0.0002136792,-0.0002289661,3.14305333
-0.0002331795,-0.0002124686,-0.0002264421,3.1548567
-0.0002266358,-0.0002084766,-0.000224961,3.1659767
-0.0002265449,-0.0002068205,-0.000223608,3.18403
-0.0002261537,-0.0002061191,-0.0002235028,3.1999967
-0.0002258427,-0.0002053085,-0.0002205942,3.20139
-0.0002257586,-0.000204909,-0.0002109281,3.2076433
-0.0002247517,-0.0002047735,-0.0002101875,3.21528
-0.0002215938,-0.0002014493,-0.0002095178,3.22638667
-0.0002188054,-0.0002002807,-0.0002093434,3.23819
-0.0002180234,-0.0001998611,-0.000208633,3.24931
-0.0002176675,-0.0001985044,-0.000206867,3.2673633
-0.0002174854,-0.0001969808,-0.0002014068,3.28333
-0.0002173489,-0.0001968066,-0.0001960918,3.2847233
-0.000216639,-0.0001954202,-0.0001954905,3.2909767
-0.0002157229,-0.0001949682,-0.0001945451,3.29861333
-0.0002137949,-0.000193751,-0.0001931755,3.30972
-0.0002130438,-0.0001917711,-0.0001901498,3.3215233
-0.0002127788,-0.0001903104,-0.0001882229,3.3326433
-0.0002109753,-0.0001884797,-0.0001867206,3.3506967
-0.0002085849,-0.0001877316,-0.0001816084,3.3666633
-0.0002085236,-0.0001816569,-0.0001808911,3.3680567
-0.000206701,-0.0001815423,-0.000180012,3.37431
-0.0002061694,-0.0001801513,-0.000179324,3.39305333
-0.0002050617,-0.0001793158,-0.0001773305,3.4048567
-0.0002011918,-0.0001755303,-0.0001770833,3.4159767
-0.0001996631,-0.000175106,-0.0001762199,3.43403
-0.0001995896,-0.0001739724,-0.0001752134,3.4499967
-0.0001995456,-0.0001722349,-0.0001639296,3.45139
-0.0001977981,-0.0001714251,-0.0001603084,3.4576433
-0.0001974727,-0.0001704609,-0.0001599388,3.47638667
-0.0001966372,-0.0001684119,-0.0001558816,3.48819
-0.0001937692,-0.0001682945,-0.000152886,3.49931
-0.0001926284,-0.0001672432,-0.0001519275,3.5173633
-0.0001913431,-0.0001645552,-0.0001510126,3.53333
-0.0001906271,-0.0001626687,-0.0001467487,3.5347233
-0.0001845031,-0.0001619996,-0.0001465117,3.5409733
-0.0001832467,-0.0001608947,-0.0001463771,3.5409767
-0.0001827471,-0.0001591805,-0.0001454,3.54236333
-0.0001823772,-0.0001577742,-0.000144365,3.55972
-0.0001756014,-0.0001574322,-0.0001406889,3.5715233
-0.0001752752,-0.0001555775,-0.0001391269,3.5826433
-0.000175103,-0.0001517142,-0.000137767,3.6006967
-0.0001749107,-0.0001490259,-0.0001356072,3.6166633
-0.0001745632,-0.0001489165,-0.0001354733,3.6180567
-0.0001744679,-0.0001435181,-0.0001335198,3.6243067
-0.000170979,-0.0001414085,-0.0001312702,3.62431
-0.0001655188,-0.0001411572,-0.0001284361,3.62569667
-0.0001623906,-0.0001391164,-0.0001278076,3.64305333
-0.0001581333,-0.0001389766,-0.0001236538,3.6548567
-0.0001554708,-0.0001384226,-0.0001235794,3.6659767
-0.0001516606,-0.0001382216,-0.0001209524,3.68403
-0.0001493679,-0.0001368334,-0.0001205876,3.6999967
-0.0001482215,-0.0001364464,-0.0001204578,3.70139
-0.0001480752,-0.0001340507,-0.0001191103,3.70764
-0.0001472222,-0.0001308022,-0.0001147506,3.7076433
-0.0001450725,-0.000123584,-0.0001146524,3.70903
-0.0001421667,-0.0001232051,-0.0001134615,3.72638667
-0.0001399437,-0.0001198629,-0.0001127949,3.73819
-0.0001389845,-0.0001170741,-0.0001104039,3.74931
-0.0001382167,-0.0001152876,-0.0001093554,3.7673633
-0.0001354882,-0.0001147582,-0.0001071162,3.78333
-0.0001351455,-0.0001133723,-0.000105363,3.7847233
-0.0001319214,-0.0001125711,-0.0001049067,3.7909733
-0.0001313746,-0.0001117372,-0.0001041014,3.79236333
-0.0001299513,-0.0001107548,-0.0001020917,3.80972
-0.0001277171,-0.0001091609,-9.68110637949141E-05,3.8215233
-0.0001264946,-0.0001084235,-9.47262384164666E-05,3.8326433
-0.0001248254,-0.0001064694,-9.36730802753886E-05,3.8506967
-0.0001243314,-0.0001064014,-0.000090925,3.8666633
-0.0001239868,-0.0001053275,-9.08461662451392E-05,3.8680567
-0.0001238922,-0.0001024156,-8.83772463672184E-05,3.8743067
-0.0001231739,-0.0001006011,-8.77594495636381E-05,3.87569667
-0.0001230265,-9.98545213757037E-05,-8.50449010834438E-05,3.89305333
-0.0001204184,-9.94925127216113E-05,-8.3426810878983E-05,3.9048567
-0.0001196068,-9.83291016317198E-05,-0.000083268,3.9159767
-0.0001191815,-9.58213780520057E-05,-8.32044972989061E-05,3.93403
-0.0001161183,-9.24132192632603E-05,-8.29765003652643E-05,3.9499967
-0.0001160095,-9.20733882730405E-05,-8.28996666748411E-05,3.95139
-0.0001151481,-9.15293092366507E-05,-8.27029484142067E-05,3.95764
-0.0001131608,-9.04065674115125E-05,-0.000081583,3.97638667
-0.0001115741,-8.71131035562045E-05,-0.00008114,3.98819
-0.0001071834,-8.68625378416711E-05,-8.11296935594581E-05,3.99931
-0.0001063626,-8.1086130325369E-05,-7.92320544652793E-05,4.0173633
-0.0001060318,-8.02127716009061E-05,-7.80391155594924E-05,4.0222267
-0.0001041949,-7.95338850489233E-05,-7.20536166673953E-05,4.03333
-0.0001025118,-7.92871140947318E-05,-6.96083091268849E-05,4.0347233
-0.000099345,-7.82683632925996E-05,-6.8813068613368E-05,4.0409733
-9.88873604066884E-05,-7.63588018160166E-05,-6.62183794072913E-05,4.05972
-9.86632561892791E-05,-7.42686781310892E-05,-6.568515401374E-05,4.0826433
-9.61705932452957E-05,-7.22583381132863E-05,-6.3894849952401E-05,4.0902733
-9.52176723830806E-05,-7.0670110044435E-05,-6.20726139014715E-05,4.1006967
-9.43845782775404E-05,-6.90295446508978E-05,-6.11229182187274E-05,4.10556
-9.13824494799449E-05,-6.73544411251019E-05,-5.86108643453697E-05,4.1166633
-8.75011298707465E-05,-6.61394920680246E-05,-5.8010514139018E-05,4.1180567
-8.66386845927285E-05,-6.46738831214243E-05,-5.79491904971994E-05,4.1243067
-8.54219286283634E-05,-6.41833377337692E-05,-5.79267032218402E-05,4.14305333
-8.50879073078738E-05,-5.97084791995379E-05,-5.60708208076419E-05,4.1659767
-8.3213701624092E-05,-0.000054161,-5.58800559011734E-05,4.18403
-7.9122583575388E-05,-5.40536400421578E-05,-5.37307989287063E-05,4.1888933
-7.87133084327682E-05,-5.39875872130443E-05,-5.07313494169528E-05,4.1999967
-7.17172883718632E-05,-0.000053718,-5.00403753947103E-05,4.20139
-6.67299142465982E-05,-5.32718738602903E-05,-4.99311934790276E-05,4.20764
-6.57511360454226E-05,-5.30356453281878E-05,-4.87278434493274E-05,4.22638667
-6.35407279294163E-05,-4.46006715071808E-05,-4.72055340051724E-05,4.24931
-6.32376080600693E-05,-4.03521112813573E-05,-0.000047205,4.2673633
-6.30898420618816E-05,-4.00615562242383E-05,-4.67777197304934E-05,4.2722267
-5.91179288334948E-05,-3.62095408145984E-05,-4.61131847674396E-05,4.28333
-5.7389550847128E-05,-3.47517635633249E-05,-4.38381324436769E-05,4.2847233
-5.43365942864753E-05,-3.38661947944815E-05,-4.26743664783601E-05,4.2909733
-5.37899383284437E-05,-3.30936086566634E-05,-4.20881049652691E-05,4.30972
-5.24691970276949E-05,-3.30074769227061E-05,-3.88200804497269E-05,4.3326433
-5.23286879780445E-05,-3.16376895620729E-05,-3.81366764927711E-05,4.34444
-5.01998178084731E-05,-2.9720475157759E-05,-0.000038029,4.3506967
-4.68057640677053E-05,-2.95467246784909E-05,-3.65651405512218E-05,4.35556
-4.5164281202396E-05,-2.90819462625362E-05,-3.56287166180116E-05,4.3666633
-4.4341567123779E-05,-2.70743210598835E-05,-3.45453356269238E-05,4.3680567
-4.16421680583438E-05,-2.59116258802466E-05,-3.10832404441576E-05,4.3743067
-3.89101385996338E-05,-2.39615065705399E-05,-2.80866207236541E-05,4.39305333
-3.21462584519607E-05,-2.3909451448265E-05,-2.74344223960095E-05,4.4277733
-3.20416820590584E-05,-2.38701692829725E-05,-2.50716466627678E-05,4.43403
-3.11224002335928E-05,-2.0301744328081E-05,-2.50217863322386E-05,4.4388933
-3.03831912140909E-05,-1.43127790751337E-05,-2.38901933999374E-05,4.4499967
-2.76673147044843E-05,-1.13426391679996E-05,-2.27065751181862E-05,4.45139
-2.63065841653356E-05,-8.35688426453833E-06,-2.09577003108612E-05,4.45764
-2.59611957978897E-05,-7.62886848204789E-06,-2.03937234885595E-05,4.47638667
-2.44291446218677E-05,-6.70935072199348E-06,-1.95400913113628E-05,4.5111067
-0.000023551,-6.25931224268924E-06,-0.000018484,4.5173633
-2.18945134472535E-05,-2.90919669472329E-06,-1.10671561750643E-05,4.5222267
-2.13474636797621E-05,3.82036905439823E-06,-6.15481406156046E-06,4.53333
-2.0695357518409E-05,5.35933589555279E-06,-0.000005832,4.5347233
-0.000020394,7.94180834916281E-06,-5.45041663876045E-06,4.5409733
-2.03833866550165E-05,8.14854519230482E-06,-5.03012104701832E-06,4.55972
-1.94744611436437E-05,9.7599436624898E-06,-4.96055498461921E-06,4.59444
-1.76118391883493E-05,1.01856968573228E-05,-3.41159143551432E-06,4.6006967
-1.738924232145E-05,0.000011378,-1.15972395383682E-06,4.60556
-0.000017002,1.20445982001536E-05,2.21663603291931E-07,4.6166633
-1.49219146575248E-05,1.22071933455357E-05,4.31544129346132E-07,4.6180567
-1.44194705684613E-05,1.46207143834092E-05,3.1928176753388E-06,4.6243067
-1.37478244577561E-05,1.97144146219847E-05,3.3705446941031E-06,4.64305333
-0.000011962,1.98823803018375E-05,5.22322194172203E-06,4.6777733
-1.11572897616173E-05,2.13164822853431E-05,7.57761233385182E-06,4.68403
-1.10964705538083E-05,2.42887022534413E-05,8.42209861511217E-06,4.6888933
-9.06022661536672E-06,2.45587819742779E-05,1.06272920114352E-05,4.6999967
-8.65938444042779E-06,2.66651792083757E-05,1.598294906017E-05,4.70139
-6.0695888298303E-06,2.72804236268741E-05,2.32554683414003E-05,4.70764
-5.68924161060094E-06,3.02530500084718E-05,0.000023395,4.72638667
-3.72857484012136E-06,3.2314202196722E-05,2.54696504348527E-05,4.7284767
-1.38955318030132E-06,3.33576786935692E-05,2.58645757130563E-05,4.7611067
-9.68341788531741E-08,3.42519374587863E-05,2.69536912308238E-05,4.7673633
3.06741451091303E-07,3.47787487939494E-05,2.95005794832561E-05,4.7722267
1.63270342902142E-06,3.52562127603551E-05,3.13910873007285E-05,4.78333
2.16946461609175E-06,3.81635723769534E-05,3.18636868419732E-05,4.7847233
3.69490116593749E-06,0.000039742,3.25236444129527E-05,4.7909733
4.4182148507785E-06,4.04031422528926E-05,3.57365891673289E-05,4.80972
5.19632247355187E-06,4.08678891158043E-05,3.58861251310881E-05,4.81181
0.000010725,4.08814845977914E-05,3.65192136859024E-05,4.84444
1.18795433220164E-05,4.26238715005629E-05,3.73686506328888E-05,4.8506967
1.22089391860043E-05,4.40183343020693E-05,3.74826670426631E-05,4.85556
1.27143031726798E-05,4.56299062861931E-05,3.92885424410445E-05,4.8666633
1.32554841261537E-05,0.000047249,4.20383723472072E-05,4.8680567
1.33898088186409E-05,4.75921733695598E-05,4.42078774250582E-05,4.8743067
1.42563409952747E-05,4.78462556337209E-05,4.45242568974527E-05,4.89305333
1.66073545151346E-05,4.79240510944913E-05,4.65154827135924E-05,4.8951433
1.68659151255466E-05,4.7951519868034E-05,4.70099323125614E-05,4.9277733
1.96365920236664E-05,4.90007158905379E-05,4.72863861298241E-05,4.93403
2.07929368978687E-05,5.30960926136754E-05,4.831425933148E-05,4.9388933
2.16732015148777E-05,5.32076589941919E-05,4.91634717482194E-05,4.9499967
2.31115265303028E-05,5.33780708685252E-05,5.70567273861399E-05,4.95139
2.48474055318931E-05,5.9998693392853E-05,5.92882301616185E-05,4.95694667
2.57609267426406E-05,6.21387265526082E-05,5.99884838556719E-05,4.95764
2.76225289101982E-05,6.22053780056713E-05,6.03965547638536E-05,4.97638667
2.78547569764855E-05,6.37791486949818E-05,6.29493145932354E-05,4.9784767
0.000028198,6.53391603570474E-05,6.59312044439632E-05,5.0111067
2.876139621893E-05,6.56580715980748E-05,6.84671158601703E-05,5.0173633
3.10222833693531E-05,6.69843134787576E-05,7.02431186442339E-05,5.0222267
3.12882526698482E-05,6.71794465285417E-05,7.0552334505353E-05,5.03333
3.28110917234037E-05,6.96493700071543E-05,7.07441990133412E-05,5.0347233
3.31386450186866E-05,7.19143461525255E-05,7.21847015944351E-05,5.04028
3.64753702532067E-05,7.43085308802492E-05,7.3045126122594E-05,5.0409733
3.65970702868042E-05,7.46993896075692E-05,7.34633863883577E-05,5.05972
3.91683206299093E-05,7.66582440343733E-05,7.60925201197343E-05,5.06181
4.02002000514191E-05,8.06224464445562E-05,7.72209351749511E-05,5.09444
4.39373790188838E-05,8.09070527768783E-05,8.32600729532541E-05,5.1006967
4.72665320163521E-05,8.16784290245684E-05,8.57746592532389E-05,5.10556
5.13151114689419E-05,8.45676646262617E-05,8.74011980652893E-05,5.1166633
5.21071815568344E-05,8.53653684514945E-05,8.96742228096448E-05,5.1180567
5.68332860833912E-05,0.000086423,9.24175891776944E-05,5.12361333
5.75943422622226E-05,8.65011567549733E-05,9.26492948738578E-05,5.1243067
0.000061136,8.88764850314286E-05,9.49041776589213E-05,5.14305333
6.11818800933253E-05,0.000092901,9.91751139816116E-05,5.1451433
0.000067953,9.31593468850579E-05,9.95837738872759E-05,5.18403
6.79813109730116E-05,9.55454112571026E-05,9.97273498833758E-05,5.1888933
6.83088776239714E-05,9.69489257230727E-05,0.0001018175,5.1999967
7.03156608682419E-05,9.84999420599981E-05,0.0001018363,5.20139
7.09412949528894E-05,9.87042844638486E-05,0.0001058092,5.20694667
7.27247729967595E-05,0.0000995,0.0001075768,5.20764
7.33822172106331E-05,0.000099816,0.0001079178,5.22638667
7.4160453842588E-05,0.0001006862,0.0001099462,5.2284767
7.52676343710801E-05,0.0001015142,0.0001106558,5.2673633
7.69453590800492E-05,0.0001024436,0.0001124143,5.2722267
7.7919195704903E-05,0.0001029901,0.0001157701,5.28333
7.81835650165366E-05,0.0001033527,0.0001158989,5.2847233
7.92722159778285E-05,0.0001043967,0.0001212886,5.29028
7.96800829942925E-05,0.0001087918,0.0001214528,5.2909733
7.97161598398759E-05,0.0001119368,0.0001221317,5.30972
8.15861016281316E-05,0.0001120915,0.0001225437,5.31181
8.42757279020376E-05,0.0001130007,0.0001240012,5.3506967
8.44025179710482E-05,0.0001131979,0.0001241374,5.35556
8.84827030210372E-05,0.0001132478,0.0001245301,5.3666633
8.99524463957699E-05,0.0001134502,0.0001247428,5.3680567
9.19753382203728E-05,0.0001151129,0.0001248713,5.37361333
9.25471907962557E-05,0.0001157143,0.0001285485,5.3743067
9.55574206036039E-05,0.0001161423,0.0001291295,5.39305333
9.8808274005004E-05,0.0001172168,0.0001308199,5.3951433
0.00009909,0.0001198609,0.0001314832,5.43403
0.000100565,0.0001212324,0.0001357246,5.4388933
0.000102533,0.0001212908,0.0001357876,5.4499967
0.0001028318,0.0001219326,0.0001366223,5.45139
0.0001029278,0.0001235894,0.000138886,5.45694667
0.0001046247,0.0001245779,0.0001407301,5.45764
0.0001076262,0.0001259461,0.0001451245,5.47638667
0.0001087734,0.0001272909,0.0001472723,5.4784767
0.000110452,0.0001296662,0.0001473199,5.5173633
0.0001129399,0.0001315413,0.0001492739,5.5222267
0.0001169103,0.0001315862,0.0001510666,5.53333
0.0001180021,0.0001316744,0.0001532946,5.5347233
0.0001190426,0.0001327762,0.0001566744,5.54028
0.0001210454,0.0001331198,0.0001581327,5.5409733
0.0001212221,0.0001361741,0.0001624978,5.55972
0.0001219361,0.0001430585,0.0001641178,5.56181
0.0001224596,0.0001433118,0.0001694495,5.6006967
0.0001239854,0.0001467597,0.0001717421,5.60556
0.0001352719,0.0001468954,0.0001717963,5.6166633
0.0001356486,0.0001476834,0.0001726025,5.6180567
0.0001383242,0.0001488977,0.0001733023,5.62361333
0.0001389249,0.0001500393,0.0001790765,5.6243067
0.0001406908,0.0001501878,0.0001806939,5.64305333
0.0001414659,0.0001515496,0.0001812847,5.6451433
0.0001432591,0.0001519153,0.0001820304,5.68403
0.0001451555,0.000151953,0.0001839552,5.6888933
0.0001473305,0.0001540624,0.0001867848,5.6999967
0.0001557626,0.0001560137,0.0001884111,5.70139
0.0001567725,0.0001571809,0.0001936704,5.70694667
0.0001573541,0.0001578466,0.0001937655,5.70764
0.0001575795,0.0001604367,0.0001948425,5.72638667
0.0001592828,0.0001617207,0.000195452,5.7284767
0.0001632025,0.0001634519,0.0001957152,5.7673633
0.0001658851,0.0001644436,0.0001965872,5.7722267
0.0001663793,0.0001692315,0.0001981556,5.7847233
0.0001664567,0.000171917,0.0001987822,5.79028
0.0001684247,0.0001737665,0.0002015616,5.7909733
0.0001688384,0.0001751246,0.0002026259,5.80972
0.0001720052,0.0001754305,0.000203372,5.81181
0.0001723093,0.0001765368,0.0002051968,5.8506967
0.0001726734,0.0001770113,0.0002072222,5.85556
0.000173287,0.0001781726,0.0002099969,5.8680567
0.0001739319,0.0001787853,0.0002121408,5.87361333
0.0001746599,0.0001793801,0.0002121508,5.8743067
0.0001752911,0.0001799322,0.0002123156,5.89305333
0.0001753944,0.0001821897,0.0002126191,5.8951433
0.0001769603,0.0001829056,0.0002167441,5.9187467
0.0001770376,0.000183297,0.0002168598,5.93403
0.0001790254,0.0001865916,0.0002175018,5.9388933
0.0001811261,0.000186598,0.000218642,5.95139
0.000183605,0.0001888843,0.0002191499,5.95694667
0.0001854187,0.0001906332,0.0002209433,5.95764
0.0001887533,0.0001917675,0.0002217458,5.97638667
0.0001911451,0.0001931259,0.0002222223,5.9784767
0.0001917393,0.0001934718,0.0002222745,6.00208
0.0001923164,0.0001939563,0.0002232515,6.0173633
0.0001923493,0.0001946855,0.0002234066,6.0222267
0.0001957598,0.0001955099,0.0002252536,6.0347233
0.0002036833,0.0001968619,0.0002264951,6.04028
0.0002055198,0.0001969272,0.0002275522,6.0409733
0.0002067918,0.0001975665,0.0002288104,6.05972
0.0002081682,0.0001978716,0.0002290386,6.06181
0.0002136549,0.0001978775,0.0002315424,6.0854133
0.0002149312,0.0001987996,0.0002319873,6.1006967
0.000217147,0.0002001171,0.0002342859,6.10556
0.0002193105,0.0002032302,0.0002355804,6.1180567
0.0002194513,0.0002033064,0.0002371336,6.12361333
0.0002198306,0.0002038314,0.0002381455,6.1243067
0.0002225809,0.0002053183,0.0002405091,6.14305333
0.0002305423,0.0002059135,0.0002418546,6.1451433
0.0002314797,0.0002100856,0.000243558,6.1687467
0.0002354174,0.0002113034,0.0002441455,6.18403
0.0002354603,0.0002123468,0.0002443233,6.1888933
0.0002355125,0.0002127906,0.0002476202,6.20139
0.0002375533,0.0002153618,0.0002491688,6.20694667
0.0002386832,0.0002154171,0.0002501059,6.20764
0.0002403522,0.0002242215,0.0002508593,6.22638667
0.0002425211,0.0002274366,0.0002510829,6.2284767
0.0002437307,0.0002284327,0.0002560377,6.25208
0.000244218,0.000234783,0.0002571893,6.2673633
0.0002462001,0.000236847,0.0002587689,6.2722267
0.000246813,0.0002372466,0.0002604258,6.2847233
0.0002529581,0.0002372544,0.0002608428,6.29028
0.0002563815,0.0002407014,0.0002620603,6.2909733
0.0002596875,0.000242559,0.0002712643,6.30972
0.0002597479,0.0002430981,0.0002735445,6.31181
0.0002598088,0.0002472798,0.0002772367,6.3354133
0.0002601693,0.0002477084,0.0002784148,6.3506967
0.0002646814,0.0002489188,0.0002786342,6.35556
0.0002657595,0.0002547544,0.0002834899,6.3680567
0.0002670681,0.0002578286,0.0002835372,6.37361333
0.0002687255,0.0002593136,0.000284125,6.3743067
0.0002689998,0.0002634578,0.0002858667,6.39305333
0.0002696123,0.0002640989,0.0002888877,6.3951433
0.000270155,0.0002644163,0.0002896293,6.4187467
0.0002717763,0.0002645785,0.0002907731,6.43403
0.0002741265,0.0002647441,0.0002936903,6.4388933
0.0002745125,0.0002658226,0.0002937091,6.45139
0.0002782165,0.0002658316,0.0002996798,6.45694667
0.0002843993,0.0002662288,0.0003009048,6.45764
0.0002882999,0.0002663381,0.0003017705,6.47638667
0.0002919352,0.0002694227,0.0003088934,6.4784767
0.0002930764,0.0002698383,0.0003111646,6.50208
0.0002944212,0.0002704357,0.0003156518,6.5222267
0.0002949653,0.0002711383,0.0003253014,6.5347233
0.0002963741,0.0002733185,0.0003286161,6.54028
0.0002981917,0.0002738078,0.0003290923,6.5409733
0.0002996981,0.0002762771,0.0003304992,6.55972
0.0003009395,0.0002778445,0.0003324948,6.56181
0.0003037989,0.000277921,0.000336091,6.5854133
0.0003039056,0.0002800082,0.0003378826,6.60556
0.0003045096,0.0002845913,0.0003388039,6.6180567
0.0003052871,0.0002877988,0.0003390495,6.62361333
0.0003054399,0.0002960944,0.0003396221,6.6243067
0.0003082055,0.0002969148,0.0003397586,6.64305333
0.0003136498,0.0002973829,0.0003423362,6.6451433
0.0003151634,0.0002976589,0.0003431997,6.6687467
0.0003155127,0.0002990183,0.0003449173,6.6888933
0.0003175222,0.0002994214,0.0003455746,6.70139
0.0003180113,0.0003018654,0.0003471252,6.70694667
0.0003276049,0.0003035115,0.0003475395,6.70764
0.0003292601,0.0003043359,0.0003477058,6.72638667
0.0003299167,0.0003046958,0.0003479262,6.7284767
0.000331838,0.0003076094,0.0003504425,6.7486133
0.0003347754,0.0003093365,0.0003510362,6.75208
0.0003351973,0.0003126072,0.0003533186,6.7722267
0.0003353049,0.0003151209,0.0003587062,6.7847233
0.0003374456,0.0003194414,0.0003622601,6.79028
0.0003455955,0.0003216582,0.0003656167,6.7909733
0.0003477886,0.0003227292,0.000366275,6.80972
0.0003505923,0.0003260951,0.0003673454,6.81181
0.0003535232,0.0003278041,0.0003713459,6.8319467
0.0003604979,0.000336384,0.0003775139,6.8354133
0.0003635464,0.0003417636,0.0003786683,6.85556
0.0003685092,0.0003434953,0.0003795806,6.8680567
0.0003694479,0.0003495739,0.0003826041,6.87361333
0.0003718638,0.0003513303,0.0003834251,6.8743067
0.0003724614,0.0003587936,0.0003909009,6.89305333
0.0003737831,0.0003591203,0.0003919462,6.8951433
0.0003808835,0.0003645646,0.0003923218,6.91528
0.0003832839,0.0003686095,0.0003947104,6.9187467
0.000384031,0.0003695402,0.0003990243,6.9388933
0.0003902018,0.0003759429,0.0003993603,6.95139
0.0003903074,0.00037745,0.0003999053,6.95694667
0.0003904315,0.0003821942,0.0004001051,6.95764
0.0003948748,0.0003833029,0.00040117,6.97638667
0.0003960957,0.0003897021,0.000408724,6.9784767
0.0003969557,0.000389728,0.0004100601,6.9986133
0.0004033463,0.0003932442,0.0004122309,7.00208
0.0004089355,0.0004007912,0.0004170202,7.0222267
0.0004106638,0.0004091553,0.0004217203,7.0347233
0.0004112171,0.0004092852,0.0004224813,7.04028
0.0004126427,0.0004121382,0.0004233162,7.0409733
0.0004189053,0.0004182402,0.0004245308,7.05972
0.0004205223,0.000420104,0.0004253304,7.06181
0.0004230977,0.000423389,0.000428504,7.0819467
0.0004238737,0.0004260373,0.0004306261,7.0854133
0.000426176,0.0004266348,0.0004307044,7.10556
0.000427692,0.0004269106,0.0004340364,7.1180567
0.0004284891,0.0004319884,0.0004340533,7.12361333
0.0004346184,0.0004321116,0.0004370294,7.1243067
0.0004377412,0.0004335305,0.0004389238,7.14305333
0.0004445671,0.000435562,0.0004390059,7.1451433
0.0004489296,0.0004383707,0.0004418753,7.16528
0.0004575334,0.0004412423,0.0004422984,7.1687467
0.0004626138,0.0004427644,0.0004431953,7.1888933
0.0004666514,0.0004447878,0.0004479105,7.20139
0.0004671294,0.0004483357,0.0004484839,7.20694667
0.0004671654,0.0004527097,0.0004486,7.20764
0.0004709031,0.0004553815,0.0004487145,7.22638667
0.0004710976,0.0004587955,0.0004493522,7.2284767
0.0004729086,0.000459335,0.0004496646,7.2486133
0.0004765294,0.0004646089,0.0004547167,7.25208
0.0004766516,0.0004674965,0.0004554643,7.2722267
0.0004786167,0.0004684974,0.0004554843,7.2847233
0.0004800772,0.0004724333,0.0004556951,7.29028
0.0004833425,0.0004756871,0.0004564197,7.2909733
0.000484961,0.0004759338,0.0004605739,7.30972
0.0004864586,0.0004761529,0.0004689194,7.31181
0.0004917887,0.0004777095,0.0004800708,7.3319467
0.0004950535,0.0004796381,0.0004820145,7.3354133
0.0004969732,0.0004828478,0.0004889783,7.3680567
0.0004971645,0.0004838106,0.0004891852,7.37361333
0.0005006217,0.0004868559,0.0004921364,7.3743067
0.0005007506,0.0004885173,0.0004961363,7.39305333
0.0005035817,0.0004927951,0.000499621,7.3951433
0.0005088856,0.000499548,0.0005025077,7.41528
0.000511518,0.0005003477,0.0005033674,7.4187467
0.0005153287,0.0005024001,0.0005063376,7.45139
0.0005217059,0.0005025301,0.0005090818,7.45694667
0.0005219325,0.000504804,0.0005093442,7.45764
0.000523814,0.0005094117,0.0005140078,7.47638667
0.0005244407,0.0005263944,0.0005157015,7.4784767
0.0005374379,0.0005268404,0.0005171658,7.4986133
0.0005386759,0.0005281899,0.0005201073,7.50208
0.0005394545,0.0005284597,0.0005215814,7.5347233
0.0005397512,0.0005292955,0.0005228456,7.54028
0.0005400699,0.0005296867,0.000525685,7.5409733
0.0005431835,0.0005304746,0.000531705,7.55972
0.0005464682,0.0005364456,0.0005321939,7.56181
0.0005471999,0.0005365783,0.0005322522,7.5819467
0.0005537324,0.0005378207,0.0005330505,7.6180567
0.000560653,0.0005399206,0.0005335503,7.62361333
0.0005655348,0.0005400538,0.0005351871,7.6243067
0.000568386,0.0005437087,0.0005388636,7.64305333
0.0005686514,0.0005488281,0.000546269,7.6451433
0.0005730772,0.0005522575,0.0005519754,7.66528
0.0005782543,0.0005559179,0.0005551572,7.70139
0.0005836641,0.0005584613,0.0005559754,7.70694667
0.000584803,0.000561181,0.0005570984,7.70764
0.0005865212,0.0005648794,0.0005580094,7.7284767
0.0005911956,0.0005747415,0.0005596108,7.7486133
0.0005953441,0.000575651,0.0005598953,7.74930333
0.0005990681,0.0005770289,0.0005657147,7.7847233
0.0006146807,0.0005790252,0.0005672255,7.79028
0.0006158113,0.000580115,0.0005679025,7.7909733
0.0006194948,0.0005857545,0.000572596,7.81181
0.0006226762,0.0005870315,0.0005735399,7.8319467
0.0006335789,0.0005881604,0.0005747674,7.83263667
0.0006444407,0.0005901889,0.0005749496,7.8680567
0.0006449721,0.0005910796,0.0005819963,7.87361333
0.0006522555,0.0006033119,0.0005849537,7.8743067
0.0006551942,0.000607857,0.0005869058,7.8951433
0.0006584033,0.0006099945,0.0005876766,7.91528
0.0006596051,0.0006145403,0.000589297,7.91597
0.0006596537,0.0006177002,0.0005940962,7.95139
0.0006625976,0.0006284094,0.0005946187,7.95694667
0.0006704864,0.0006362816,0.0005955891,7.95764
0.0006755311,0.0006366306,0.0005972209,7.9784767
0.000678527,0.000640357,0.000602528,7.9986133
0.0006820021,0.0006445382,0.0006049891,7.99930333
0.0006871809,0.0006483829,0.0006099183,8.0347233
0.0006879744,0.0006514664,0.0006129209,8.04028
0.0006976314,0.0006583766,0.0006150166,8.0409733
0.0006984757,0.0006593428,0.0006151187,8.06181
0.0007092746,0.0006625682,0.0006209112,8.0819467
0.0007142489,0.0006630869,0.0006243117,8.08263667
0.0007174756,0.000665204,0.0006280742,8.1180567
0.0007215592,0.0006699808,0.0006291277,8.12361333
0.0007256453,0.0006700711,0.000629562,8.1243067
0.0007290873,0.0006729918,0.0006356977,8.1451433
0.000729155,0.0006736338,0.0006428751,8.16528
0.0007437167,0.0006794135,0.0006465486,8.16597
0.0007445306,0.0006826431,0.0006502069,8.20139
0.0007456097,0.000684359,0.0006510782,8.20694667
0.0007460927,0.0006883004,0.0006520086,8.20764
0.0007468935,0.0006919093,0.0006530461,8.2284767
0.0007527738,0.0006952042,0.0006554167,8.2486133
0.0007617956,0.0006953292,0.0006555889,8.24930333
0.0007658253,0.0006992055,0.0006583054,8.2847233
0.0007658695,0.0007010037,0.0006603633,8.29028
0.0007660327,0.0007032308,0.0006700719,8.2909733
0.0007687865,0.0007074785,0.0006731053,8.31181
0.0007696434,0.0007076335,0.0006791121,8.3319467
0.0007714065,0.0007106359,0.0006849185,8.33263667
0.0007741283,0.0007126592,0.0006849646,8.3680567
0.0007801939,0.0007135892,0.0006849907,8.37361333
0.0007823296,0.0007148942,0.0006863799,8.3743067
0.0007845411,0.0007171793,0.0006864812,8.3951433
0.0007863174,0.0007213235,0.0006908644,8.41528
0.0007947606,0.0007225988,0.0006962654,8.41597
0.0007961075,0.0007249722,0.0006964109,8.45139
0.0007974461,0.0007262538,0.0006969143,8.45694667
0.0008047544,0.0007281701,0.0007018246,8.45764
0.0008064523,0.0007347194,0.0007046973,8.4784767
0.0008090122,0.000736852,0.000706242,8.4986133
0.0008141408,0.0007391715,0.0007080675,8.49930333
0.0008245578,0.0007446796,0.0007244847,8.5347233
0.0008262758,0.0007635554,0.0007281049,8.54028
0.0008286932,0.0007637724,0.0007282599,8.5409733
0.0008304997,0.0007641287,0.0007499067,8.56181
0.0008379153,0.0007689197,0.0007582658,8.5819467
0.000846266,0.0007701847,0.0007612729,8.58263667
0.0008500008,0.0007716174,0.0007633906,8.58333
0.0008550403,0.0007720921,0.0007659875,8.6180567
0.0008563582,0.0007801746,0.0007679338,8.62361333
0.0008576657,0.0007862557,0.0007711177,8.6243067
0.000859679,0.0007872311,0.0007723754,8.6451433
0.0008615259,0.0007884882,0.0007798194,8.66528
0.0008640196,0.0007940853,0.0007809011,8.66597
0.0008672473,0.000794855,0.0007826727,8.6666633
0.0008690705,0.000801965,0.0007831932,8.70139
0.0008717933,0.00080954,0.0007878218,8.70694667
0.0008755214,0.0008255258,0.0007921663,8.70764
0.0008767321,0.0008306801,0.0007935933,8.7284767
0.0008879631,0.0008310866,0.0008069507,8.7486133
0.0008967893,0.0008363302,0.0008216578,8.74930333
0.0009199404,0.0008370921,0.0008222938,8.7499967
0.0009227097,0.0008377302,0.0008337022,8.7847233
0.0009272122,0.0008385219,0.0008396506,8.79028
0.0009297565,0.000842851,0.0008423047,8.7909733
0.0009303253,0.000850061,0.0008434826,8.81181
0.0009396818,0.0008521083,0.0008479893,8.8319467
0.0009449168,0.0008570133,0.0008489857,8.83263667
0.0009465668,0.0008631724,0.0008493447,8.83333
0.0009684516,0.0008794651,0.0008493683,8.8680567
0.0009745807,0.0008884005,0.0008583862,8.87361333
0.0009904854,0.0008922531,0.0008623539,8.8743067
0.0009956878,0.0009041867,0.00086444,8.8951433
0.0009988247,0.0009070411,0.0008656792,8.91528
0.0009994002,0.000915311,0.0008661954,8.91597
0.0009998941,0.0009189368,0.0008737061,8.9166633
0.0010012116,0.0009264097,0.000874224,8.95139
0.001002703,0.0009421473,0.0008777572,8.95694667
0.0010029027,0.0009445418,0.0008825643,8.95764
0.0010096179,0.0009589313,0.000887509,8.9784767
0.0010326597,0.0009679431,0.0008926588,8.9986133
0.0010349689,0.0009752511,0.0008972132,8.99930333
0.0010361875,0.0009783164,0.0009164653,8.9999967
0.0010446962,0.000980351,0.0009199663,9.0347233
0.0010762267,0.0009847685,0.0009218621,9.04028
0.0010865322,0.0009963111,0.000926896,9.0409733
0.0011033934,0.0009964238,0.000940204,9.06181
0.0011109024,0.0010048745,0.0009451218,9.0819467
0.0011111806,0.0010113409,0.0009476255,9.08263667
0.0011131583,0.0010141196,0.0009482985,9.08333
0.0011201652,0.0010168715,0.0009501257,9.1180567
0.0011265323,0.0010400979,0.0009544829,9.12361333
0.0011299066,0.0010644322,0.0009649225,9.1243067
0.0011301663,0.0010666832,0.0009774852,9.1451433
0.0011340765,0.0010869753,0.000978079,9.16528
0.0011476205,0.0010963143,0.0009827662,9.16597
0.0011493441,0.00109922,0.001000293,9.1666633
0.001149778,0.0011123808,0.0010093884,9.20139
0.0011513736,0.0011151395,0.0010134546,9.20694667
0.0011581222,0.0011237919,0.0010224489,9.20764
0.0011612785,0.0011290914,0.0010252016,9.2284767
0.001162252,0.0011343425,0.0010261081,9.2486133
0.0012041448,0.001134377,0.0010263495,9.24930333
0.0012066984,0.0011771524,0.0010370399,9.2499967
0.0012135484,0.0011843221,0.001038467,9.29028
0.0012163455,0.001209264,0.0010526039,9.2909733
0.0012268905,0.0012235053,0.0010538029,9.31181
0.0012595561,0.0012272883,0.00106019,9.3319467
0.0012795212,0.0012279081,0.0010767076,9.33263667
0.0012882221,0.0012287258,0.0010788683,9.33333
0.00131108,0.0012368309,0.0010896279,9.37361333
0.0013159612,0.001237096,0.0010981978,9.3743067
0.0013170976,0.0012437574,0.0011254113,9.3951433
0.0013217352,0.0012626567,0.0011267576,9.41528
0.0013275693,0.001264084,0.0011386954,9.41597
0.0013354607,0.0012842147,0.0011482573,9.4166633
0.0013501594,0.001292518,0.001199624,9.45694667
0.0013767266,0.001294177,0.0012031857,9.45764
0.001390617,0.0013049976,0.0012513889,9.4784767
0.0013955911,0.0013137888,0.001260045,9.4986133
0.001401082,0.0013280121,0.001262395,9.49930333
0.0014015019,0.0013406478,0.0012749101,9.4999967
0.0014066792,0.0013471073,0.0012752476,9.54028
0.0014242927,0.0013561821,0.0012752715,9.5409733
0.0014285547,0.001368002,0.0012931646,9.56181
0.001432805,0.0013792165,0.0013282344,9.5819467
0.0014392746,0.0013918971,0.0013407068,9.58263667
0.0014413503,0.0013982285,0.0013801738,9.58333
0.0014428095,0.0014095021,0.0014468603,9.62361333
0.0014464571,0.0014095841,0.0014633649,9.6243067
0.0014564889,0.0014123373,0.0014681423,9.6451433
0.0014816043,0.0014214584,0.0014839412,9.66528
0.001499003,0.0014224039,0.0014953473,9.66597
0.0015140763,0.0014250802,0.0015064094,9.6666633
0.0015188566,0.0014265851,0.0015171139,9.70694667
0.0015226768,0.0015034584,0.0015380354,9.70764
0.0015380647,0.0015244176,0.0015430723,9.7284767
0.0015441747,0.0015292002,0.0015587278,9.7486133
0.0015601549,0.0015352773,0.0015946949,9.74930333
0.001565401,0.0015366544,0.0016172807,9.7499967
0.0015701369,0.0015807379,0.001632984,9.79028
0.0015945664,0.0015876692,0.0016346109,9.7909733
0.0017532469,0.0016012931,0.0016415936,9.81181
0.0017651102,0.0016194329,0.0016815013,9.8319467
0.0017855254,0.0016268992,0.0016855607,9.83263667
0.001800644,0.0016415147,0.0017287431,9.83333
0.0018080645,0.0018681498,0.0017458397,9.87361333
0.0018112553,0.0019129981,0.001754686,9.8743067
0.0018377213,0.0019417406,0.0018107452,9.8951433
0.00188729,0.0020160611,0.0018311344,9.91528
0.0020496007,0.0020673872,0.001846523,9.91597
0.0020685452,0.0020693249,0.0018987735,9.9166633
0.0020774295,0.0021248325,0.0019789185,9.95694667
0.0020865272,0.0021458712,0.0020780928,9.95764
0.0023570213,0.0023647228,0.0023494982,9.9784767
0.0024579481,0.0025004564,0.00240573,9.9986133
0.0025801244,0.0029206917,0.0026914889,9.99930333
0.0029887032,0.0032605164,0.0027822376,9.9999967
